"Temperature","a","Th"
14,2200,0.196899224806202
18,4480,0.078294573643411
22,5760,0.072093023255814
26,10200,0.053100775193799
30,10960,0.034883720930233
34,7200,0.031007751937985
