"Temperature","a","Th"
15,18.0403556771545,0.006018518518519
20,49.9031007751938,0.004887218045113
25,66.56406748746,0.004779411764706
30,100.877792977656,0.004577464788732
35,151.858185134519,0.004850746268657
