,mean,sd,hdi_3%,hdi_97%,mpv
std_deviation[0],242.15443554197222,29.097412482077967,189.186334477581,296.91757380684965,231.3952766642514
std_deviation[1],3.824992847647766,0.475268221184556,2.988405586333955,4.740648166409842,3.6979530544992274
r1,41.83433257029482,4.447606454066536,33.43227437742338,49.90986531057377,42.93396606908557
p,5.964966909168921,0.634551962294719,4.760229165485164,7.110774922759005,6.12121892730445
i,0.019602492945271,0.000191110120269,0.019324942367252,0.019937252046425,0.01953460445210545
