,mean,sd,hdi_3%,hdi_97%,mpv
std_deviation[0],373.31539266541705,90.28318335676337,251.0965980786011,535.3288377931285,299.2650203062834
std_deviation[1],98.0149949243719,105.61997384398366,3.15453677877778,261.39953677305266,3.9160199364867934
r1,0.760611198886089,0.07406532581615,0.652238405502466,0.85827690378611,0.8216153965971452
a1,0.150342899258977,0.035776158913636,0.09175412055543,0.185005663747773,0.18224990941263863
a2,0.683551363463771,0.226549748094509,0.303089075118431,0.8727448549494,0.8461480428591317
