,mean,sd,hdi_3%,hdi_97%,mpv
std_deviation[0],199.868707227356,12.947956166414619,175.45998197231597,223.07878554969278,195.88151438741463
std_deviation[1],1.359569557488404,0.085322691060836,1.203421154443586,1.526006036964701,1.3457616740781555
r1,0.296593485613348,0.008672546856497,0.279830004414111,0.312588373249386,0.2963884794045261
m,0.016813741334762,0.000308807276771,0.016232814110315,0.01739346496317,0.016843784991330497
a1,0.083985178721399,0.002814152092048,0.07867889082363,0.089238370922637,0.08419950671723223
