,mean,sd,hdi_3%,hdi_97%,mpv
std_deviation[0],247.35535532500217,12.542839172728938,224.1058457982189,270.8034345036808,242.48473376309525
std_deviation[1],3.392833747e-06,1.70258535e-07,3.066462306e-06,3.70179443e-06,3.378332119761928e-06
r2,9.9606779385e-05,8.39072593e-07,9.790110097e-05,0.000100645977426,0.00010027115653320825
r3,4.0434735e-08,3.19404e-10,3.9805249e-08,4.079897e-08,4.070982048954367e-08
