,mean,sd,hdi_3%,hdi_97%,mpv
std_deviation[0],192.25641191076357,13.636463193627389,168.04266956363395,218.81625626382927,190.81468628569857
std_deviation[1],1.493062832871852,0.106430003252539,1.29622204022121,1.683412783640522,1.4737882333993066
m,0.103335356121002,0.005383842963274,0.0953552055545,0.114999189722647,0.10210259665735838
a1,0.000299034543852,1.2370753703e-05,0.000277065944124,0.000323763614929,0.0002971599525903814
a2,2.510307244e-06,9.1905653e-08,2.344384968e-06,2.678253855e-06,2.5053125814855114e-06
