,mean,sd,hdi_3%,hdi_97%,mpv
std_deviation[0],224.17758754970484,17.333310714746922,192.38808425641207,257.01396451003717,218.72333048485692
std_deviation[1],1.716347567487093,0.130600762890002,1.471209895096426,1.961732682101546,1.7067335682111724
r1,0.319159420822976,0.011010886612229,0.298122767807552,0.339369381523456,0.3187515510116418
a1,0.080328513203345,0.003277205279715,0.074329527061499,0.086533937329089,0.08077913627407153
m,0.012598944832938,0.000498687960305,0.011651835046874,0.013524034511058,0.012509249935387516
